{
  "video_path": "data/raw/push-ups/push-up_43.mp4",
  "total_frames": 82,
  "fps": 29.97002997002997,
  "exercise_frames": 1,
  "exercise_percentage": 1.2195121951219512
}