{
  "video_path": "data/raw/push-ups/push-up_41.mp4",
  "total_frames": 108,
  "fps": 29.97002997002997,
  "exercise_frames": 1,
  "exercise_percentage": 0.9259259259259258
}