{
  "video_path": "data/raw/push-ups/push-up_56.mp4",
  "total_frames": 584,
  "fps": 29.97002997002997,
  "exercise_frames": 10,
  "exercise_percentage": 1.7123287671232876
}