{
  "video_path": "data/raw/push-ups/push-up_23.mp4",
  "total_frames": 116,
  "fps": 29.97002997002997,
  "exercise_frames": 1,
  "exercise_percentage": 0.8620689655172413
}