{
  "video_path": "data/raw/push-ups/push-up_6.mp4",
  "total_frames": 150,
  "fps": 29.97002997002997,
  "exercise_frames": 2,
  "exercise_percentage": 1.3333333333333335
}