{
  "video_path": "data/raw/push-ups/push-up_37.mp4",
  "total_frames": 149,
  "fps": 29.97002997002997,
  "exercise_frames": 3,
  "exercise_percentage": 2.013422818791946
}