{
  "video_path": "data/raw/push-ups/push-up_44.mp4",
  "total_frames": 113,
  "fps": 29.97002997002997,
  "exercise_frames": 1,
  "exercise_percentage": 0.8849557522123894
}