{
  "video_path": "data/raw/push-ups/push-up_27.mp4",
  "total_frames": 150,
  "fps": 29.97002997002997,
  "exercise_frames": 1,
  "exercise_percentage": 0.6666666666666667
}