{
  "video_path": "data/raw/push-ups/push-up_25.mp4",
  "total_frames": 98,
  "fps": 29.97002997002997,
  "exercise_frames": 1,
  "exercise_percentage": 1.0204081632653061
}