{
  "video_path": "data/raw/push-ups/videoplayback (1).mp4",
  "total_frames": 9204,
  "fps": 29.97002997002997,
  "exercise_frames": 105,
  "exercise_percentage": 1.1408083441981747
}