{
  "video_path": "data/raw/dips/dips_6.mp4",
  "total_frames": 333,
  "fps": 29.97002997002997,
  "exercise_frames": 10,
  "exercise_percentage": 3.003003003003003
}