{
  "video_path": "data/raw/dips/dips_9.mp4",
  "total_frames": 390,
  "fps": 29.97002997002997,
  "exercise_frames": 4,
  "exercise_percentage": 1.0256410256410255
}