{
  "video_path": "data/raw/dips/dips_8.mp4",
  "total_frames": 174,
  "fps": 29.97002997002997,
  "exercise_frames": 1,
  "exercise_percentage": 0.5747126436781609
}