{
  "video_path": "data/raw/dips/dips_10.mp4",
  "total_frames": 447,
  "fps": 29.97002997002997,
  "exercise_frames": 4,
  "exercise_percentage": 0.8948545861297539
}