{
  "video_path": "data/raw/dips/dips_5.mp4",
  "total_frames": 348,
  "fps": 29.97002997002997,
  "exercise_frames": 10,
  "exercise_percentage": 2.8735632183908044
}