{
  "video_path": "data/raw/dips/dips_7.mp4",
  "total_frames": 321,
  "fps": 29.97002997002997,
  "exercise_frames": 3,
  "exercise_percentage": 0.9345794392523363
}