{
  "video_path": "data/raw/dips/dips_11.mp4",
  "total_frames": 369,
  "fps": 29.97002997002997,
  "exercise_frames": 5,
  "exercise_percentage": 1.3550135501355014
}