{
  "video_path": "data/raw/dips/dips_20.mp4",
  "total_frames": 297,
  "fps": 29.97002997002997,
  "exercise_frames": 7,
  "exercise_percentage": 2.356902356902357
}