{
  "video_path": "data/raw/dips/hyuge.mp4",
  "total_frames": 1362,
  "fps": 60.157682029990504,
  "exercise_frames": 16,
  "exercise_percentage": 1.1747430249632893
}