{
  "video_path": "data/raw/dips/videoplayback (2).mp4",
  "total_frames": 3589,
  "fps": 29.97002997002997,
  "exercise_frames": 40,
  "exercise_percentage": 1.1145165784341042
}